layer,coordinate,seed,teacher_direction_norm,teacher_direction_over_mean_base_norm,teacher_half_split_cosine,teacher_mean_row_cosine_to_direction,student_teacherward_projection,student_fraction_of_teacher_direction,student_cosine_to_teacher_direction,student_delta_norm,student_delta_over_mean_base_norm
0,transported_jspace,54101,3.129702091217041,0.07658426702090927,0.9984526634216309,0.9905349016189575,-0.46140697598457336,-0.14742840134191396,-0.14725428819656372,3.1334023475646973,0.07667481283387018
0,transported_jspace,54102,3.129702091217041,0.07658426702090927,0.9984526634216309,0.9905349016189575,0.48136210441589355,0.15380444859807957,0.15941360592842102,3.0195796489715576,0.07388955478437075
0,transported_jspace,54103,3.129702091217041,0.07658426702090927,0.9984526634216309,0.9905349016189575,0.11098164319992065,0.03546076909727962,0.03148555010557175,3.524840831756592,0.08625336968109858
1,transported_jspace,54101,3.756345748901367,0.11464529997272134,0.9986510276794434,0.9844894409179688,-1.3491806983947754,-0.35917372589820185,-0.1713447868824005,7.8740692138671875,0.2403200044335102
1,transported_jspace,54102,3.756345748901367,0.11464529997272134,0.9986510276794434,0.9844894409179688,-0.6405963897705078,-0.17053712107248528,-0.1031542718410492,6.210081100463867,0.18953436616579722
1,transported_jspace,54103,3.756345748901367,0.11464529997272134,0.9986510276794434,0.9844894409179688,-0.15583151578903198,-0.04148487019189025,-0.02385062910616398,6.533646106719971,0.1994097103653443
2,transported_jspace,54101,3.8300130367279053,0.07498292091473321,0.9983024001121521,0.9726753830909729,1.9050407409667969,0.497397978204881,0.23604847490787506,8.070548057556152,0.15800292608280186
2,transported_jspace,54102,3.8300130367279053,0.07498292091473321,0.9983024001121521,0.9726753830909729,1.1807398796081543,0.30828612547410433,0.1227530837059021,9.618821144104004,0.18831458228076878
2,transported_jspace,54103,3.8300130367279053,0.07498292091473321,0.9983024001121521,0.9726753830909729,1.0956275463104248,0.2860636597849422,0.13226118683815002,8.283818244934082,0.16217826998901785
3,transported_jspace,54101,7.002923488616943,0.1492089470535739,0.998988687992096,0.9925297498703003,-4.207495212554932,-0.6008198175225101,-0.46380046010017395,9.071778297424316,0.19328934406642728
3,transported_jspace,54102,7.002923488616943,0.1492089470535739,0.998988687992096,0.9925297498703003,-6.2350335121154785,-0.8903472274472728,-0.5985928773880005,10.416149139404297,0.2219334036663096
3,transported_jspace,54103,7.002923488616943,0.1492089470535739,0.998988687992096,0.9925297498703003,-2.545945882797241,-0.36355471924484184,-0.3068274259567261,8.297647476196289,0.176795197742409
4,transported_jspace,54101,4.652722358703613,0.09755286278833858,0.9974057674407959,0.9086427688598633,0.8879872560501099,0.1908532655917018,0.11442265659570694,7.760589599609375,0.16271500295973867
4,transported_jspace,54102,4.652722358703613,0.09755286278833858,0.9974057674407959,0.9086427688598633,-1.2329305410385132,-0.26499121288252503,-0.13135844469070435,9.386000633239746,0.19679472818593413
4,transported_jspace,54103,4.652722358703613,0.09755286278833858,0.9974057674407959,0.9086427688598633,-1.4086871147155762,-0.3027662099975547,-0.1150912493467331,12.239740371704102,0.25662861890139266
5,transported_jspace,54101,8.43814468383789,0.1475295438047581,0.9969668388366699,0.9657114148139954,0.3863205909729004,0.0457826460018924,0.02450677379965782,15.763840675354004,0.2756094272595605
5,transported_jspace,54102,8.43814468383789,0.1475295438047581,0.9969668388366699,0.9657114148139954,3.0115671157836914,0.3568992033938379,0.24983957409858704,12.05400276184082,0.21074793039301656
5,transported_jspace,54103,8.43814468383789,0.1475295438047581,0.9969668388366699,0.9657114148139954,2.810330867767334,0.33305080359076294,0.19580788910388947,14.35248851776123,0.25093384420676784
6,transported_jspace,54101,8.596750259399414,0.15972439721858453,0.9931319355964661,0.9568694233894348,0.695152223110199,0.08086220980423871,0.04260829836130142,16.31495475769043,0.30312574352981553
6,transported_jspace,54102,8.596750259399414,0.15972439721858453,0.9931319355964661,0.9568694233894348,3.0794522762298584,0.35821120578242727,0.24005107581615448,12.828320503234863,0.2383453860911791
6,transported_jspace,54103,8.596750259399414,0.15972439721858453,0.9931319355964661,0.9568694233894348,4.483861923217773,0.5215763850200558,0.31553760170936584,14.210227966308594,0.2640207087295193
7,transported_jspace,54101,8.773992538452148,0.1474895762382221,0.9939589500427246,0.9433136582374573,0.27265703678131104,0.03107559478611221,0.014547791332006454,18.7421932220459,0.3150536228495681
7,transported_jspace,54102,8.773992538452148,0.1474895762382221,0.9939589500427246,0.9433136582374573,2.420581579208374,0.2758814266823388,0.16605637967586517,14.57686710357666,0.24503507867886554
7,transported_jspace,54103,8.773992538452148,0.1474895762382221,0.9939589500427246,0.9433136582374573,2.781266212463379,0.3169898082628222,0.15216529369354248,18.277925491333008,0.3072493478215425
8,transported_jspace,54101,9.256826400756836,0.1351281450733069,0.9917564988136292,0.8968633413314819,-1.7838902473449707,-0.19271078122401866,-0.07524668425321579,23.707233428955078,0.3460704932105753
8,transported_jspace,54102,9.256826400756836,0.1351281450733069,0.9917564988136292,0.8968633413314819,-0.22058284282684326,-0.02382920811918958,-0.011599812656641006,19.016010284423828,0.27758954151057963
8,transported_jspace,54103,9.256826400756836,0.1351281450733069,0.9917564988136292,0.8968633413314819,-1.3009467124938965,-0.14053917143650133,-0.058679647743701935,22.170333862304688,0.32363533253947785
9,transported_jspace,54101,10.916948318481445,0.12968360926514605,0.9879312515258789,0.8704306483268738,-13.691703796386719,-1.2541695166961497,-0.4331277012825012,31.61124038696289,0.3755133419281165
9,transported_jspace,54102,10.916948318481445,0.12968360926514605,0.9879312515258789,0.8704306483268738,-10.643282890319824,-0.9749320579178405,-0.3840641379356384,27.71225929260254,0.3291969240041418
9,transported_jspace,54103,10.916948318481445,0.12968360926514605,0.9879312515258789,0.8704306483268738,-13.431000709533691,-1.2302889340234555,-0.4074445962905884,32.9639778137207,0.39158265605988857
10,transported_jspace,54101,15.066393852233887,0.17526309668018664,0.9906038641929626,0.892725944519043,-9.130799293518066,-0.6060374753952319,-0.37190520763397217,24.551410675048828,0.2855996136154407
10,transported_jspace,54102,15.066393852233887,0.17526309668018664,0.9906038641929626,0.892725944519043,-11.703193664550781,-0.7767747066306484,-0.4261101186275482,27.465187072753906,0.3194947500033503
10,transported_jspace,54103,15.066393852233887,0.17526309668018664,0.9906038641929626,0.892725944519043,-12.553509712219238,-0.8332126343795224,-0.42956846952438354,29.223541259765625,0.33994918673842567
11,transported_jspace,54101,17.416393280029297,0.16996148619264856,0.9914113879203796,0.8944778442382812,-6.2598795890808105,-0.3594245656050252,-0.2805599272251129,22.312091827392578,0.21773717589386632
11,transported_jspace,54102,17.416393280029297,0.16996148619264856,0.9914113879203796,0.8944778442382812,-9.82489013671875,-0.5641173794567771,-0.3796326518058777,25.879985809326172,0.2525552093406983
11,transported_jspace,54103,17.416393280029297,0.16996148619264856,0.9914113879203796,0.8944778442382812,-15.672076225280762,-0.8998462525103474,-0.46518266201019287,33.690147399902344,0.32877229114380474
12,transported_jspace,54101,18.796161651611328,0.16295157349946873,0.9813187122344971,0.8994672894477844,-7.3823957443237305,-0.39276081367872595,-0.31849804520606995,23.17877960205078,0.20094627179521912
12,transported_jspace,54102,18.796161651611328,0.16295157349946873,0.9813187122344971,0.8994672894477844,-10.375340461730957,-0.5519925107071803,-0.3703267574310303,28.0167179107666,0.24288832754632078
12,transported_jspace,54103,18.796161651611328,0.16295157349946873,0.9813187122344971,0.8994672894477844,-15.882414817810059,-0.8449818166172515,-0.46194490790367126,34.381614685058594,0.2980682075535594
13,transported_jspace,54101,22.729637145996094,0.17989554507151123,0.9835206270217896,0.9210601449012756,-12.489935874938965,-0.5495000115802161,-0.4478306770324707,27.889862060546875,0.22073656104251316
13,transported_jspace,54102,22.729637145996094,0.17989554507151123,0.9835206270217896,0.9210601449012756,-12.705856323242188,-0.5589995230293577,-0.42368993163108826,29.988567352294922,0.23734693321776745
13,transported_jspace,54103,22.729637145996094,0.17989554507151123,0.9835206270217896,0.9210601449012756,-25.193683624267578,-1.1084067670084006,-0.5708171129226685,44.13615798950195,0.34931917953131203
14,transported_jspace,54101,21.282276153564453,0.16953679828089907,0.947861909866333,0.8538150191307068,-4.32518196105957,-0.20322929417186278,-0.17080754041671753,25.32195281982422,0.20171727762182856
14,transported_jspace,54102,21.282276153564453,0.16953679828089907,0.947861909866333,0.8538150191307068,-5.045865535736084,-0.23709238144111663,-0.17047029733657837,29.599672317504883,0.23579403061326507
14,transported_jspace,54103,21.282276153564453,0.16953679828089907,0.947861909866333,0.8538150191307068,-9.76604175567627,-0.45888145070613645,-0.27724701166152954,35.225059509277344,0.2806064429089184
15,transported_jspace,54101,23.652809143066406,0.19258054945898662,0.9613794088363647,0.8555115461349487,3.903343677520752,0.16502664245548945,0.20519477128982544,19.022626876831055,0.1548817273219024
15,transported_jspace,54102,23.652809143066406,0.19258054945898662,0.9613794088363647,0.8555115461349487,-0.930065393447876,-0.03932156167253883,-0.03419036790728569,27.202577590942383,0.2214826707253955
15,transported_jspace,54103,23.652809143066406,0.19258054945898662,0.9613794088363647,0.8555115461349487,-8.176595687866211,-0.34569237160834665,-0.23279969394207,35.12287139892578,0.28596949443382497
16,transported_jspace,54101,27.730213165283203,0.2262773434071082,0.9448646903038025,0.837303102016449,5.6961164474487305,0.20541192429706867,0.2954322099685669,19.280622482299805,0.15732904787014493
16,transported_jspace,54102,27.730213165283203,0.2262773434071082,0.9448646903038025,0.837303102016449,8.08236312866211,0.29146415429582095,0.34022262692451477,23.7560977935791,0.193848733380108
16,transported_jspace,54103,27.730213165283203,0.2262773434071082,0.9448646903038025,0.837303102016449,7.162405490875244,0.2582888724361559,0.2270425409078598,31.546537399291992,0.2574183845561461
17,transported_jspace,54101,30.122665405273438,0.2347384049309692,0.9571742415428162,0.8702764511108398,4.705904960632324,0.15622471973574034,0.22594746947288513,20.827428817749023,0.16230294875020632
17,transported_jspace,54102,30.122665405273438,0.2347384049309692,0.9571742415428162,0.8702764511108398,6.0349836349487305,0.20034693323958688,0.23033681511878967,26.200695037841797,0.20417546981712437
17,transported_jspace,54103,30.122665405273438,0.2347384049309692,0.9571742415428162,0.8702764511108398,2.3117973804473877,0.07674610959369724,0.0747612714767456,30.922401428222656,0.24097054793250025
18,transported_jspace,54101,33.42331314086914,0.25114814646651223,0.9418690204620361,0.8466454744338989,5.702549934387207,0.17061593835275057,0.26106134057044983,21.843713760375977,0.16413717574142372
18,transported_jspace,54102,33.42331314086914,0.25114814646651223,0.9418690204620361,0.8466454744338989,8.385544776916504,0.25088909473378573,0.3121364116668701,26.865001678466797,0.2018679401389597
18,transported_jspace,54103,33.42331314086914,0.25114814646651223,0.9418690204620361,0.8466454744338989,5.641181945800781,0.16877985500793738,0.16205084323883057,34.811187744140625,0.26157685928353597
19,transported_jspace,54101,38.323280334472656,0.2743529223878269,0.9711598753929138,0.8579867482185364,4.750343322753906,0.12395450705927345,0.214624285697937,22.133296966552734,0.1584502853579881
19,transported_jspace,54102,38.323280334472656,0.2743529223878269,0.9711598753929138,0.8579867482185364,9.982358932495117,0.26047767428498964,0.34343135356903076,29.06653594970703,0.20808472061614516
19,transported_jspace,54103,38.323280334472656,0.2743529223878269,0.9711598753929138,0.8579867482185364,6.143311500549316,0.16030233964662124,0.20349016785621643,30.18971824645996,0.21612548181401298
20,transported_jspace,54101,46.6362419128418,0.32614016368724635,0.9803346991539001,0.866343080997467,5.526482105255127,0.1185018749062915,0.21833465993404388,25.31197738647461,0.17701367240312588
20,transported_jspace,54102,46.6362419128418,0.32614016368724635,0.9803346991539001,0.866343080997467,13.864258766174316,0.29728507695978484,0.40660983324050903,34.097206115722656,0.23845121149861395
20,transported_jspace,54103,46.6362419128418,0.32614016368724635,0.9803346991539001,0.866343080997467,11.030130386352539,0.2365141343714334,0.3160005211830139,34.905418395996094,0.24410326394904605
21,transported_jspace,54101,61.806297302246094,0.35894366705790764,0.9841547012329102,0.84796541929245,13.769325256347656,0.2227819147458825,0.42562568187713623,32.35078811645508,0.1878790839378073
21,transported_jspace,54102,61.806297302246094,0.35894366705790764,0.9841547012329102,0.84796541929245,23.17353630065918,0.37493811006563943,0.5571091771125793,41.596038818359375,0.24157141521568545
21,transported_jspace,54103,61.806297302246094,0.35894366705790764,0.9841547012329102,0.84796541929245,21.53258514404297,0.34838820773786194,0.48178601264953613,44.693260192871094,0.2595587085236922
22,transported_jspace,54101,81.05524444580078,0.4691232559897585,0.9873809218406677,0.847952127456665,25.180177688598633,0.3106545154574898,0.5251908302307129,47.944820404052734,0.2774901292270258
22,transported_jspace,54102,81.05524444580078,0.4691232559897585,0.9873809218406677,0.847952127456665,38.791160583496094,0.478576813242906,0.6029305458068848,64.33769226074219,0.37236711680523604
22,transported_jspace,54103,81.05524444580078,0.4691232559897585,0.9873809218406677,0.847952127456665,37.953739166259766,0.4682453236155286,0.5742477774620056,66.09297180175781,0.382526144257236
23,transported_jspace,54101,86.36149597167969,0.46008689466320574,0.9830730557441711,0.8290389776229858,40.703651428222656,0.4713171184710661,0.5374007225036621,75.74170684814453,0.4035104569249382
23,transported_jspace,54102,86.36149597167969,0.46008689466320574,0.9830730557441711,0.8290389776229858,51.562015533447266,0.5970486610185154,0.5812733769416809,88.70525360107422,0.47257315555318546
23,transported_jspace,54103,86.36149597167969,0.46008689466320574,0.9830730557441711,0.8290389776229858,57.72422790527344,0.6684023621383631,0.577521800994873,99.95160675048828,0.5324875842992609
24,transported_jspace,54101,86.81888580322266,0.3951362530422074,0.9678537845611572,0.7694159746170044,47.74610900878906,0.5499507228992423,0.37938106060028076,125.85265350341797,0.5727894971316703
24,transported_jspace,54102,86.81888580322266,0.3951362530422074,0.9678537845611572,0.7694159746170044,56.7593994140625,0.6537678857421553,0.4375878572463989,129.709716796875,0.59034403637072
24,transported_jspace,54103,86.81888580322266,0.3951362530422074,0.9678537845611572,0.7694159746170044,56.96356964111328,0.6561195656233454,0.4071347117424011,139.913330078125,0.6367834427526798
25,transported_jspace,54101,98.76828002929688,0.3964920359830196,0.9639515280723572,0.7387248873710632,38.893428802490234,0.39378461172912577,0.2500799000263214,155.5240020751953,0.6243302830496859
25,transported_jspace,54102,98.76828002929688,0.3964920359830196,0.9639515280723572,0.7387248873710632,47.81574249267578,0.4841204329820522,0.3025597929954529,158.03732299804688,0.6344196733831466
25,transported_jspace,54103,98.76828002929688,0.3964920359830196,0.9639515280723572,0.7387248873710632,49.339637756347656,0.4995494276270926,0.3062781095504761,161.09423828125,0.6466912504937867
26,transported_jspace,54101,124.15299224853516,0.41816120993017497,0.9605841636657715,0.7449296116828918,40.46432876586914,0.32592310529951457,0.22146612405776978,182.71115112304688,0.6153916602219451
26,transported_jspace,54102,124.15299224853516,0.41816120993017497,0.9605841636657715,0.7449296116828918,46.57024002075195,0.37510364573030597,0.23949678242206573,194.45037841796875,0.6549306950884026
26,transported_jspace,54103,124.15299224853516,0.41816120993017497,0.9605841636657715,0.7449296116828918,53.13193130493164,0.4279553021047588,0.26138028502464294,203.27444458007812,0.6846511401298319
27,transported_jspace,54101,150.10107421875,0.41461141517653627,0.9605774283409119,0.7296251654624939,41.74385070800781,0.278104943121009,0.18954500555992126,220.2318878173828,0.608327789459345
27,transported_jspace,54102,150.10107421875,0.41461141517653627,0.9605774283409119,0.7296251654624939,45.59347915649414,0.30375185116962206,0.1829492449760437,249.2138671875,0.6883822430587213
27,transported_jspace,54103,150.10107421875,0.41461141517653627,0.9605774283409119,0.7296251654624939,56.56142807006836,0.37682227368765187,0.21880871057510376,258.4971618652344,0.7140246974106933
28,transported_jspace,54101,178.14112854003906,0.4280901462963596,0.9535067081451416,0.7194802165031433,28.190608978271484,0.15824873912783904,0.1107618510723114,254.5154571533203,0.6116249525328501
28,transported_jspace,54102,178.14112854003906,0.4280901462963596,0.9535067081451416,0.7194802165031433,30.88818359375,0.17339164653830944,0.10832712054252625,285.1380310058594,0.6852139222892536
28,transported_jspace,54103,178.14112854003906,0.4280901462963596,0.9535067081451416,0.7194802165031433,43.142757415771484,0.24218302516296625,0.14891856908798218,289.70709228515625,0.6961938129384341
29,transported_jspace,54101,205.71066284179688,0.4607116831400034,0.9519075751304626,0.7212913036346436,29.153596878051758,0.14172136959411055,0.10922281444072723,266.9185791015625,0.5977935520716872
29,transported_jspace,54102,205.71066284179688,0.4607116831400034,0.9519075751304626,0.7212913036346436,29.597152709960938,0.14387758175045512,0.09476110339164734,312.3343811035156,0.6995072420303082
29,transported_jspace,54103,205.71066284179688,0.4607116831400034,0.9519075751304626,0.7212913036346436,44.455055236816406,0.2161047688179628,0.14244814217090607,312.07891845703125,0.6989351053009073
30,transported_jspace,54101,234.32162475585938,0.46736182690501543,0.9507033228874207,0.7095137238502502,47.29329299926758,0.2018306805807729,0.16007070243358612,295.4525146484375,0.5892893033395618
30,transported_jspace,54102,234.32162475585938,0.46736182690501543,0.9507033228874207,0.7095137238502502,51.52111053466797,0.21987347769693905,0.15565016865730286,331.005859375,0.6602015640466246
30,transported_jspace,54103,234.32162475585938,0.46736182690501543,0.9507033228874207,0.7095137238502502,65.37728881835938,0.27900663836074124,0.19217416644096375,340.1980895996094,0.6785357554196191
31,transported_jspace,54101,265.0496520996094,0.4738598557417148,0.9465718865394592,0.6994637250900269,58.78173828125,0.22177632687161197,0.1758926659822464,334.19097900390625,0.5974717863106632
31,transported_jspace,54102,265.0496520996094,0.4738598557417148,0.9465718865394592,0.6994637250900269,65.72211456298828,0.2479615198222897,0.18036416172981262,364.3856506347656,0.6514542859284719
31,transported_jspace,54103,265.0496520996094,0.4738598557417148,0.9465718865394592,0.6994637250900269,75.7149658203125,0.28566332843877024,0.1992156207561493,380.0653991699219,0.6794867821799411
32,transported_jspace,54101,294.71185302734375,0.48746990009841146,0.9451401233673096,0.6909036636352539,82.22762298583984,0.27901023369498024,0.22410720586776733,366.9120178222656,0.6068930137537824
32,transported_jspace,54102,294.71185302734375,0.48746990009841146,0.9451401233673096,0.6909036636352539,91.96511840820312,0.3120509659300011,0.23350286483764648,393.85009765625,0.6514501055389472
32,transported_jspace,54103,294.71185302734375,0.48746990009841146,0.9451401233673096,0.6909036636352539,103.54950714111328,0.3513584746505117,0.25285252928733826,409.5252685546875,0.6773777155532547
33,transported_jspace,54101,322.0272521972656,0.4985587789421842,0.9435011744499207,0.684853732585907,95.7610855102539,0.2973695078812557,0.24368509650230408,392.97064208984375,0.6083924951805746
33,transported_jspace,54102,322.0272521972656,0.4985587789421842,0.9435011744499207,0.684853732585907,104.51058959960938,0.3245395813134128,0.2502862513065338,417.56427001953125,0.6464680587445937
33,transported_jspace,54103,322.0272521972656,0.4985587789421842,0.9435011744499207,0.684853732585907,118.41229248046875,0.36770891802639244,0.27472081780433655,431.02777099609375,0.6673120915441845
34,transported_jspace,54101,338.9306945800781,0.5024465703136861,0.9391738772392273,0.6766926646232605,104.9904556274414,0.3097696883356064,0.24555270373821259,427.56787109375,0.633846428909441
34,transported_jspace,54102,338.9306945800781,0.5024465703136861,0.9391738772392273,0.6766926646232605,114.81993865966797,0.3387711425839592,0.2556857466697693,449.0666809082031,0.6657172609994099
34,transported_jspace,54103,338.9306945800781,0.5024465703136861,0.9391738772392273,0.6766926646232605,132.56781005859375,0.3911354509299905,0.2864469885826111,462.8005065917969,0.6860769207244081
35,transported_jspace,54101,366.6936340332031,0.49031971078531267,0.9408334493637085,0.6659461259841919,132.36746215820312,0.3609756207172596,0.28071996569633484,471.5284729003906,0.6304982770402422
35,transported_jspace,54102,366.6936340332031,0.49031971078531267,0.9408334493637085,0.6659461259841919,145.14610290527344,0.3958238961195897,0.29532310366630554,491.482421875,0.6571794451386485
35,transported_jspace,54103,366.6936340332031,0.49031971078531267,0.9408334493637085,0.6659461259841919,162.39862060546875,0.4428727568004739,0.3163442313671112,513.3604736328125,0.6864334027065766
36,transported_jspace,54101,400.9036560058594,0.4828348048300494,0.9429072141647339,0.665523111820221,152.51556396484375,0.3804294664816294,0.3010864853858948,506.5507507324219,0.6100725927598657
36,transported_jspace,54102,400.9036560058594,0.4828348048300494,0.9429072141647339,0.665523111820221,164.61581420898438,0.4106119057357223,0.3136327266693115,524.8681030273438,0.6321333923755035
36,transported_jspace,54103,400.9036560058594,0.4828348048300494,0.9429072141647339,0.665523111820221,180.75518798828125,0.45086939288385897,0.32572636008262634,554.9295654296875,0.6683384010215943
37,transported_jspace,54101,414.0350646972656,0.4563184380067411,0.9398573637008667,0.6661932468414307,136.10552978515625,0.32872947581063927,0.25200986862182617,540.0801391601562,0.5952358785848832
37,transported_jspace,54102,414.0350646972656,0.4563184380067411,0.9398573637008667,0.6661932468414307,150.26327514648438,0.3629240321863897,0.2723630666732788,551.7020874023438,0.6080447194794288
37,transported_jspace,54103,414.0350646972656,0.4563184380067411,0.9398573637008667,0.6661932468414307,164.53712463378906,0.3973990095599642,0.28266406059265137,582.0942993164062,0.6415407391422447
38,transported_jspace,54101,427.94976806640625,0.3999726298118736,0.9406628012657166,0.6690874695777893,132.82229614257812,0.31036889386038335,0.23724377155303955,559.8557739257812,0.5232553045284256
38,transported_jspace,54102,427.94976806640625,0.3999726298118736,0.9406628012657166,0.6690874695777893,153.7203826904297,0.3592019301353528,0.2739425599575043,561.140869140625,0.524456386877324
38,transported_jspace,54103,427.94976806640625,0.3999726298118736,0.9406628012657166,0.6690874695777893,162.36151123046875,0.3793938526104649,0.2691148519515991,603.3167724609375,0.5638750481887587
39,transported_jspace,54101,460.4095764160156,0.35751184549532783,0.9463543891906738,0.6823098659515381,62.68864059448242,0.13615842025370556,0.11182050406932831,560.618408203125,0.4353248325014211
39,transported_jspace,54102,460.4095764160156,0.35751184549532783,0.9463543891906738,0.6823098659515381,109.83325958251953,0.23855554968577955,0.19947771728038788,550.6041870117188,0.42754870688907487
39,transported_jspace,54103,460.4095764160156,0.35751184549532783,0.9463543891906738,0.6823098659515381,98.38138580322266,0.21368231861955772,0.1654053032398224,594.7896118164062,0.461859054838148
40,transported_jspace,54101,436.9945373535156,0.29123081339896645,0.9361264705657959,0.6739180684089661,158.2532501220703,0.362140110676139,0.2897101640701294,546.246826171875,0.3640409522418007
40,transported_jspace,54102,436.9945373535156,0.29123081339896645,0.9361264705657959,0.6739180684089661,194.94384765625,0.44610133764337245,0.3386930823326111,575.57666015625,0.3835875384757063
40,transported_jspace,54103,436.9945373535156,0.29123081339896645,0.9361264705657959,0.6739180684089661,178.43751525878906,0.4083289377927358,0.3031872808933258,588.5388793945312,0.39222608502386724
41,final_hidden_target,54101,421.9927673339844,0.25810774185528124,0.9309700727462769,0.6733464002609253,205.19314575195312,0.4862480156906431,0.36904415488243103,556.012451171875,0.3400795684770853
41,final_hidden_target,54102,421.9927673339844,0.25810774185528124,0.9309700727462769,0.6733464002609253,226.83377075195312,0.537529996509221,0.38920605182647705,582.8115234375,0.3564709584764843
41,final_hidden_target,54103,421.9927673339844,0.25810774185528124,0.9309700727462769,0.6733464002609253,222.86680603027344,0.5281294450572572,0.38193777203559875,583.5159912109375,0.3569018392884008
